transaction_id,customer_id,amount,channel,timestamp,is_fraud
371,1487,543.97,SPEI,2025-10-01 00:08:00,1
138,1041,117.1,CODI,2025-10-01 01:00:00,0
956,1283,490.16,SPEI,2025-10-01 01:07:00,0
32,1223,1102.45,CODI,2025-10-01 01:31:00,0
761,1437,69.07,Efectivo,2025-10-01 02:01:00,0
279,1033,48.16,APP,2025-10-01 02:01:00,0
39,1157,314.07,Efectivo,2025-10-01 02:13:00,0
998,1054,84.54,CODI,2025-10-01 03:07:00,0
914,1349,456.99,SPEI,2025-10-01 04:00:00,0
692,1081,258.05,APP,2025-10-01 04:31:00,0
972,1485,264.5,APP,2025-10-01 05:11:00,0
810,1492,1023.9,SPEI,2025-10-01 05:21:00,0
381,1408,141.67,CODI,2025-10-01 06:22:00,0
645,1445,91.4,Efectivo,2025-10-01 06:43:00,0
847,1406,360.54,CODI,2025-10-01 10:00:00,0
732,1014,132.56,SPEI,2025-10-01 12:47:00,0
212,1021,84.54,CODI,2025-10-01 13:53:00,0
678,1347,527.24,APP,2025-10-01 14:09:00,0
76,1223,172.41,SPEI,2025-10-01 14:48:00,0
612,1121,61.16,APP,2025-10-01 15:54:00,0
260,1028,158.38,SPEI,2025-10-01 17:21:00,0
407,1118,77.94,CODI,2025-10-01 17:53:00,0
594,1302,119.82,APP,2025-10-01 18:42:00,0
306,1468,155.75,CODI,2025-10-02 00:36:00,0
83,1032,289.46,APP,2025-10-02 01:53:00,0
365,1313,783.44,CODI,2025-10-02 02:13:00,0
993,1399,375.64,SPEI,2025-10-02 02:31:00,0
110,1329,85.69,SPEI,2025-10-02 02:42:00,0
748,1417,229.42,SPEI,2025-10-02 03:58:00,0
166,1150,142.02,CODI,2025-10-02 04:47:00,0
885,1407,440.99,APP,2025-10-02 04:53:00,0
387,1269,205.18,CODI,2025-10-02 05:06:00,0
408,1056,62.61,SPEI,2025-10-02 05:14:00,0
778,1310,175.07,SPEI,2025-10-02 05:22:00,0
332,1349,159.78,SPEI,2025-10-02 05:22:00,0
598,1203,526.09,SPEI,2025-10-02 06:08:00,0
862,1010,255.29,CODI,2025-10-02 06:35:00,0
796,1264,372.82,SPEI,2025-10-02 06:37:00,0
217,1285,708.87,SPEI,2025-10-02 06:56:00,0
29,1336,76.39,CODI,2025-10-02 08:17:00,0
506,1332,410.13,CODI,2025-10-02 08:25:00,0
1000,1076,166.54,APP,2025-10-02 09:22:00,0
291,1279,113.85,APP,2025-10-02 10:17:00,0
951,1305,180.62,APP,2025-10-02 10:36:00,0
175,1237,447.3,CODI,2025-10-02 11:44:00,0
920,1373,47.66,CODI,2025-10-02 11:58:00,0
146,1476,334.34,SPEI,2025-10-02 12:12:00,0
294,1339,133.32,APP,2025-10-02 13:58:00,0
832,1182,71.12,APP,2025-10-02 14:21:00,0
782,1028,145.31,APP,2025-10-02 16:43:00,0
440,1400,349.28,SPEI,2025-10-02 17:23:00,0
898,1413,67.24,CODI,2025-10-02 18:53:00,0
390,1379,190.38,CODI,2025-10-02 19:01:00,0
688,1018,207.58,SPEI,2025-10-02 19:56:00,0
660,1240,209.65,SPEI,2025-10-02 21:57:00,0
288,1335,132.19,CODI,2025-10-02 23:33:00,0
102,1304,106.58,SPEI,2025-10-02 23:51:00,0
128,1458,152.28,SPEI,2025-10-03 00:16:00,0
891,1234,240.21,SPEI,2025-10-03 01:05:00,0
448,1276,277.61,SPEI,2025-10-03 01:43:00,0
63,1252,560.57,APP,2025-10-03 02:01:00,0
380,1006,290.32,Efectivo,2025-10-03 02:05:00,0
879,1194,293.23,Efectivo,2025-10-03 02:09:00,0
803,1213,253.22,SPEI,2025-10-03 02:58:00,0
811,1224,126.29,CODI,2025-10-03 03:20:00,0
459,1404,157.62,SPEI,2025-10-03 04:05:00,0
92,1361,286.41,Efectivo,2025-10-03 04:06:00,0
326,1097,57.56,CODI,2025-10-03 04:37:00,0
668,1173,273.89,CODI,2025-10-03 04:37:00,0
101,1043,354.53,APP,2025-10-03 05:36:00,0
271,1027,179.85,CODI,2025-10-03 05:46:00,1
156,1338,333.46,CODI,2025-10-03 06:34:00,0
184,1136,424.65,APP,2025-10-03 07:01:00,0
821,1220,409.66,CODI,2025-10-03 08:13:00,0
560,1012,647.88,APP,2025-10-03 09:09:00,0
292,1492,538.52,APP,2025-10-03 11:37:00,0
757,1206,91.91,Efectivo,2025-10-03 12:41:00,0
984,1382,200.01,CODI,2025-10-03 13:19:00,0
334,1323,445.0,SPEI,2025-10-03 13:25:00,0
567,1402,82.08,SPEI,2025-10-03 14:53:00,0
123,1399,37.12,SPEI,2025-10-03 16:10:00,0
804,1410,121.08,Efectivo,2025-10-03 17:33:00,0
262,1458,104.28,APP,2025-10-03 17:56:00,1
637,1414,82.22,APP,2025-10-03 20:08:00,0
512,1047,107.29,APP,2025-10-03 20:17:00,0
299,1369,236.14,SPEI,2025-10-03 20:53:00,0
410,1259,97.05,APP,2025-10-03 21:02:00,0
398,1338,122.27,CODI,2025-10-03 21:26:00,0
907,1170,256.77,CODI,2025-10-03 21:34:00,0
145,1469,383.56,SPEI,2025-10-03 22:22:00,0
944,1427,871.55,SPEI,2025-10-04 00:15:00,0
206,1213,94.97,CODI,2025-10-04 00:47:00,0
934,1064,188.02,CODI,2025-10-04 01:20:00,0
479,1489,199.32,CODI,2025-10-04 02:11:00,0
593,1275,76.36,Efectivo,2025-10-04 02:34:00,0
937,1115,172.24,SPEI,2025-10-04 02:35:00,0
272,1357,315.04,SPEI,2025-10-04 03:03:00,0
14,1492,347.06,CODI,2025-10-04 03:07:00,0
939,1374,940.62,SPEI,2025-10-04 03:12:00,0
918,1338,225.24,CODI,2025-10-04 03:14:00,0
215,1253,105.52,Efectivo,2025-10-04 04:49:00,0
318,1363,181.0,CODI,2025-10-04 05:37:00,0
870,1003,936.88,APP,2025-10-04 06:07:00,0
535,1005,374.74,SPEI,2025-10-04 06:27:00,0
191,1395,99.84,Efectivo,2025-10-04 06:34:00,0
158,1165,428.73,SPEI,2025-10-04 07:47:00,0
892,1204,414.73,CODI,2025-10-04 07:54:00,0
625,1093,195.34,CODI,2025-10-04 09:28:00,1
325,1145,93.82,CODI,2025-10-04 09:31:00,0
669,1137,95.76,SPEI,2025-10-04 10:16:00,0
328,1013,291.55,SPEI,2025-10-04 10:26:00,0
586,1006,241.84,CODI,2025-10-04 11:12:00,0
455,1137,282.3,CODI,2025-10-04 11:17:00,0
40,1321,127.1,CODI,2025-10-04 12:37:00,0
626,1170,399.62,CODI,2025-10-04 13:38:00,0
216,1380,128.13,CODI,2025-10-04 13:50:00,0
639,1068,123.54,SPEI,2025-10-04 15:25:00,0
163,1011,348.67,SPEI,2025-10-04 15:55:00,0
41,1340,341.6,APP,2025-10-04 16:11:00,0
954,1359,137.23,APP,2025-10-04 16:12:00,0
282,1038,256.23,APP,2025-10-04 18:20:00,0
267,1060,424.91,CODI,2025-10-04 18:27:00,0
712,1278,136.6,APP,2025-10-04 18:36:00,0
171,1297,415.71,SPEI,2025-10-04 18:42:00,0
682,1067,138.16,SPEI,2025-10-04 19:55:00,0
474,1169,471.29,CODI,2025-10-04 21:42:00,0
579,1434,105.18,APP,2025-10-04 21:47:00,0
471,1007,134.51,SPEI,2025-10-04 21:47:00,0
749,1220,144.67,CODI,2025-10-04 22:42:00,0
634,1251,186.26,SPEI,2025-10-04 23:26:00,0
476,1114,179.11,SPEI,2025-10-04 23:34:00,0
694,1253,212.75,SPEI,2025-10-05 00:41:00,0
431,1393,207.62,SPEI,2025-10-05 01:05:00,0
851,1015,92.42,Efectivo,2025-10-05 02:02:00,0
703,1148,205.42,Efectivo,2025-10-05 02:49:00,0
664,1333,102.47,APP,2025-10-05 03:15:00,0
135,1450,255.5,Efectivo,2025-10-05 04:00:00,0
540,1248,121.71,APP,2025-10-05 04:33:00,0
899,1214,154.71,SPEI,2025-10-05 04:44:00,0
708,1433,246.74,SPEI,2025-10-05 05:22:00,0
24,1317,198.42,CODI,2025-10-05 05:30:00,0
846,1345,144.43,SPEI,2025-10-05 05:47:00,0
638,1397,428.91,SPEI,2025-10-05 06:13:00,0
205,1062,120.07,CODI,2025-10-05 06:32:00,0
942,1196,988.63,SPEI,2025-10-05 07:35:00,0
155,1029,140.17,CODI,2025-10-05 07:38:00,0
358,1001,577.73,SPEI,2025-10-05 08:05:00,0
991,1297,444.06,APP,2025-10-05 08:19:00,0
577,1096,122.56,Efectivo,2025-10-05 09:15:00,0
121,1372,363.32,SPEI,2025-10-05 11:18:00,0
683,1186,319.37,APP,2025-10-05 11:35:00,0
349,1406,192.8,SPEI,2025-10-05 11:39:00,0
402,1324,93.12,Efectivo,2025-10-05 15:47:00,0
636,1335,200.53,CODI,2025-10-05 16:21:00,0
815,1075,116.92,CODI,2025-10-05 16:26:00,0
242,1429,318.4,APP,2025-10-05 16:26:00,0
733,1123,93.32,Efectivo,2025-10-05 16:35:00,0
812,1123,144.93,APP,2025-10-05 17:10:00,0
922,1104,153.27,SPEI,2025-10-05 17:22:00,0
277,1115,426.24,SPEI,2025-10-05 18:22:00,0
774,1149,75.42,APP,2025-10-05 20:32:00,0
823,1297,2365.82,SPEI,2025-10-05 20:51:00,1
8,1032,53.76,APP,2025-10-05 21:13:00,0
896,1216,292.18,SPEI,2025-10-05 21:31:00,0
30,1382,195.09,Efectivo,2025-10-05 22:41:00,0
353,1262,94.47,APP,2025-10-05 23:45:00,0
740,1055,193.85,APP,2025-10-06 00:10:00,0
85,1158,90.14,APP,2025-10-06 00:24:00,0
536,1483,103.96,CODI,2025-10-06 02:02:00,0
948,1285,212.36,APP,2025-10-06 02:53:00,0
167,1340,310.22,APP,2025-10-06 03:03:00,0
320,1432,162.14,APP,2025-10-06 03:50:00,0
915,1099,183.03,Efectivo,2025-10-06 04:23:00,0
781,1357,46.22,Efectivo,2025-10-06 05:51:00,0
26,1189,196.68,CODI,2025-10-06 06:36:00,0
264,1156,85.6,SPEI,2025-10-06 06:53:00,0
397,1490,175.97,SPEI,2025-10-06 07:28:00,0
16,1353,124.74,SPEI,2025-10-06 09:56:00,0
367,1087,43.87,Efectivo,2025-10-06 11:23:00,0
281,1270,243.93,Efectivo,2025-10-06 11:43:00,0
837,1010,247.04,APP,2025-10-06 13:17:00,0
152,1380,315.39,SPEI,2025-10-06 15:03:00,0
628,1410,271.44,SPEI,2025-10-06 16:33:00,0
169,1187,289.47,SPEI,2025-10-06 16:39:00,0
188,1166,690.22,APP,2025-10-06 17:18:00,0
568,1468,233.67,SPEI,2025-10-06 17:53:00,0
453,1337,471.48,SPEI,2025-10-06 18:34:00,0
254,1093,299.63,APP,2025-10-06 19:35:00,0
644,1196,319.57,APP,2025-10-06 21:19:00,0
195,1341,993.34,Efectivo,2025-10-06 22:30:00,0
382,1140,67.59,APP,2025-10-06 22:36:00,0
475,1031,182.16,Efectivo,2025-10-06 22:39:00,0
963,1232,81.5,CODI,2025-10-06 22:48:00,0
438,1172,371.18,SPEI,2025-10-07 00:30:00,0
840,1378,284.0,CODI,2025-10-07 01:01:00,0
996,1216,62.91,Efectivo,2025-10-07 01:25:00,0
200,1064,442.43,SPEI,2025-10-07 02:22:00,0
627,1370,262.51,CODI,2025-10-07 02:40:00,0
651,1011,407.7,APP,2025-10-07 03:52:00,0
389,1016,193.38,CODI,2025-10-07 04:11:00,0
947,1484,330.96,CODI,2025-10-07 05:59:00,0
323,1287,331.66,CODI,2025-10-07 08:24:00,0
819,1221,297.48,APP,2025-10-07 09:55:00,0
61,1421,178.52,APP,2025-10-07 12:33:00,0
966,1479,202.91,SPEI,2025-10-07 12:53:00,0
649,1447,653.91,APP,2025-10-07 12:58:00,0
759,1184,140.75,Efectivo,2025-10-07 15:02:00,0
180,1336,253.03,APP,2025-10-07 15:05:00,0
524,1216,219.52,APP,2025-10-07 16:11:00,0
769,1270,246.21,CODI,2025-10-07 17:15:00,1
584,1155,230.58,APP,2025-10-07 17:25:00,0
120,1226,99.49,CODI,2025-10-07 18:07:00,0
237,1016,78.58,SPEI,2025-10-07 18:38:00,0
652,1164,150.88,Efectivo,2025-10-07 20:39:00,0
559,1102,59.07,CODI,2025-10-07 20:54:00,0
218,1421,111.48,APP,2025-10-07 21:15:00,0
689,1433,172.56,APP,2025-10-07 21:24:00,0
45,1103,1337.65,SPEI,2025-10-07 21:24:00,0
799,1436,631.24,SPEI,2025-10-07 23:01:00,0
401,1147,415.99,SPEI,2025-10-07 23:21:00,0
269,1471,206.24,APP,2025-10-08 01:35:00,0
791,1054,213.87,Efectivo,2025-10-08 01:42:00,0
521,1019,174.86,CODI,2025-10-08 01:46:00,0
149,1027,304.28,SPEI,2025-10-08 02:39:00,0
780,1393,106.51,SPEI,2025-10-08 03:46:00,0
662,1338,487.93,CODI,2025-10-08 06:25:00,0
953,1484,193.97,CODI,2025-10-08 07:16:00,0
411,1183,63.23,CODI,2025-10-08 10:15:00,0
596,1423,363.31,CODI,2025-10-08 10:24:00,0
752,1453,150.08,APP,2025-10-08 10:43:00,0
608,1137,434.6,SPEI,2025-10-08 11:06:00,0
406,1219,65.18,SPEI,2025-10-08 11:24:00,0
718,1274,32.83,SPEI,2025-10-08 12:44:00,0
762,1252,201.06,APP,2025-10-08 12:54:00,0
544,1013,78.8,APP,2025-10-08 13:51:00,0
434,1057,155.93,SPEI,2025-10-08 14:27:00,0
727,1198,535.06,APP,2025-10-08 14:42:00,0
222,1388,136.35,SPEI,2025-10-08 14:48:00,0
9,1186,354.31,SPEI,2025-10-08 17:07:00,0
986,1260,348.57,SPEI,2025-10-08 17:30:00,0
79,1325,97.97,SPEI,2025-10-08 17:46:00,0
997,1339,331.42,APP,2025-10-08 19:02:00,0
820,1161,261.06,Efectivo,2025-10-08 20:33:00,0
458,1050,296.01,SPEI,2025-10-08 20:39:00,0
20,1002,71.88,Efectivo,2025-10-08 20:41:00,0
273,1038,403.97,SPEI,2025-10-08 21:11:00,0
11,1191,930.35,SPEI,2025-10-08 21:28:00,0
756,1406,153.52,SPEI,2025-10-08 21:41:00,0
747,1263,406.86,SPEI,2025-10-08 22:02:00,0
162,1093,271.56,CODI,2025-10-08 22:07:00,0
369,1485,408.76,SPEI,2025-10-08 23:17:00,0
853,1079,213.4,CODI,2025-10-08 23:34:00,0
73,1159,175.04,SPEI,2025-10-09 01:24:00,0
632,1051,241.65,SPEI,2025-10-09 01:34:00,0
699,1329,136.14,APP,2025-10-09 02:38:00,0
7,1188,165.03,APP,2025-10-09 02:39:00,0
64,1134,117.3,SPEI,2025-10-09 05:58:00,0
114,1380,302.02,SPEI,2025-10-09 06:30:00,0
177,1075,411.51,SPEI,2025-10-09 06:44:00,0
280,1094,206.68,APP,2025-10-09 09:16:00,0
198,1270,166.33,APP,2025-10-09 10:31:00,0
348,1461,30.62,CODI,2025-10-09 10:34:00,0
393,1094,912.89,SPEI,2025-10-09 11:01:00,0
648,1058,189.17,CODI,2025-10-09 11:06:00,0
681,1199,200.83,CODI,2025-10-09 11:49:00,0
131,1195,510.76,Efectivo,2025-10-09 12:20:00,0
569,1265,131.91,CODI,2025-10-09 12:43:00,0
93,1048,301.78,APP,2025-10-09 13:59:00,0
758,1257,231.39,SPEI,2025-10-09 14:38:00,0
964,1139,122.04,Efectivo,2025-10-09 14:44:00,0
706,1143,181.33,APP,2025-10-09 15:59:00,0
728,1349,230.83,SPEI,2025-10-09 16:35:00,0
824,1298,511.92,SPEI,2025-10-09 17:10:00,0
955,1014,143.71,APP,2025-10-09 18:27:00,0
187,1459,157.2,Efectivo,2025-10-09 19:10:00,0
829,1023,485.83,Efectivo,2025-10-09 19:44:00,0
574,1145,295.83,APP,2025-10-09 21:43:00,0
350,1458,232.05,Efectivo,2025-10-09 21:48:00,0
107,1112,369.76,CODI,2025-10-09 22:18:00,0
213,1137,27.1,SPEI,2025-10-09 22:19:00,0
613,1225,322.46,CODI,2025-10-09 22:22:00,0
15,1064,55.19,Efectivo,2025-10-09 22:31:00,0
552,1499,126.81,CODI,2025-10-09 22:37:00,0
716,1342,271.8,CODI,2025-10-09 22:44:00,0
245,1168,626.61,APP,2025-10-09 23:38:00,0
437,1148,80.06,SPEI,2025-10-10 01:03:00,0
985,1263,68.68,Efectivo,2025-10-10 01:24:00,0
807,1089,314.45,APP,2025-10-10 02:14:00,0
754,1438,519.22,CODI,2025-10-10 02:34:00,0
148,1097,463.44,Efectivo,2025-10-10 02:41:00,1
2,1301,325.75,CODI,2025-10-10 03:51:00,0
375,1426,125.22,APP,2025-10-10 04:45:00,0
531,1272,429.67,CODI,2025-10-10 05:58:00,0
333,1108,220.21,CODI,2025-10-10 06:23:00,0
816,1280,214.88,SPEI,2025-10-10 06:23:00,0
737,1425,165.02,APP,2025-10-10 06:33:00,0
344,1465,513.8,SPEI,2025-10-10 07:16:00,0
395,1394,367.39,SPEI,2025-10-10 07:35:00,0
132,1482,762.43,SPEI,2025-10-10 08:16:00,0
620,1441,48.31,APP,2025-10-10 08:21:00,0
313,1013,99.14,APP,2025-10-10 08:52:00,0
347,1154,168.88,Efectivo,2025-10-10 11:04:00,0
554,1359,362.55,SPEI,2025-10-10 12:15:00,0
522,1045,642.84,APP,2025-10-10 12:38:00,0
4,1188,92.45,SPEI,2025-10-10 13:08:00,0
54,1307,119.31,APP,2025-10-10 13:44:00,0
399,1232,547.66,CODI,2025-10-10 13:50:00,0
527,1310,377.78,APP,2025-10-10 15:01:00,0
650,1019,120.91,Efectivo,2025-10-10 16:03:00,0
808,1278,80.6,SPEI,2025-10-10 17:54:00,0
736,1463,38.91,APP,2025-10-10 18:30:00,0
38,1230,165.0,APP,2025-10-10 19:25:00,0
331,1243,597.52,APP,2025-10-10 21:01:00,0
572,1308,312.13,Efectivo,2025-10-10 21:59:00,0
673,1062,519.57,SPEI,2025-10-10 23:58:00,0
35,1105,98.12,Efectivo,2025-10-11 00:16:00,0
426,1449,174.25,APP,2025-10-11 00:49:00,0
507,1237,394.86,SPEI,2025-10-11 00:51:00,0
422,1177,449.31,SPEI,2025-10-11 01:49:00,0
289,1086,425.58,CODI,2025-10-11 01:54:00,0
999,1466,151.18,APP,2025-10-11 03:04:00,0
377,1127,199.25,CODI,2025-10-11 03:57:00,0
445,1060,883.85,CODI,2025-10-11 04:12:00,0
887,1251,123.01,SPEI,2025-10-11 05:31:00,0
5,1234,171.53,CODI,2025-10-11 05:35:00,0
196,1096,296.03,CODI,2025-10-11 06:31:00,0
545,1067,155.1,CODI,2025-10-11 06:43:00,1
843,1469,85.2,SPEI,2025-10-11 06:52:00,1
790,1329,126.14,APP,2025-10-11 07:35:00,0
12,1115,442.97,SPEI,2025-10-11 09:21:00,0
234,1413,257.07,SPEI,2025-10-11 09:30:00,0
439,1140,312.08,CODI,2025-10-11 09:31:00,0
844,1410,60.2,SPEI,2025-10-11 10:11:00,0
415,1007,566.96,SPEI,2025-10-11 10:57:00,0
526,1176,353.47,CODI,2025-10-11 11:07:00,0
555,1167,376.93,APP,2025-10-11 11:47:00,0
141,1309,278.02,CODI,2025-10-11 12:59:00,0
825,1157,215.02,APP,2025-10-11 14:31:00,0
538,1378,265.58,APP,2025-10-11 14:34:00,0
657,1282,73.72,Efectivo,2025-10-11 14:43:00,0
413,1257,59.72,SPEI,2025-10-11 15:35:00,0
856,1391,780.24,CODI,2025-10-11 17:45:00,0
473,1420,263.37,APP,2025-10-11 20:04:00,0
499,1208,195.26,APP,2025-10-11 20:16:00,0
525,1231,192.32,CODI,2025-10-11 21:07:00,0
860,1451,462.1,SPEI,2025-10-11 21:37:00,1
225,1008,220.49,CODI,2025-10-11 23:04:00,0
982,1271,549.51,SPEI,2025-10-12 00:22:00,0
52,1391,350.31,SPEI,2025-10-12 00:36:00,0
880,1150,450.76,CODI,2025-10-12 00:50:00,0
505,1317,488.0,APP,2025-10-12 01:40:00,0
831,1440,339.17,CODI,2025-10-12 01:53:00,0
170,1355,199.36,SPEI,2025-10-12 04:01:00,0
392,1347,37.59,CODI,2025-10-12 04:16:00,0
659,1467,262.38,SPEI,2025-10-12 04:43:00,0
950,1000,158.09,SPEI,2025-10-12 06:00:00,0
764,1050,244.42,SPEI,2025-10-12 07:33:00,0
449,1206,94.99,SPEI,2025-10-12 09:16:00,0
830,1020,688.72,SPEI,2025-10-12 09:46:00,0
248,1299,143.25,CODI,2025-10-12 10:27:00,0
549,1223,342.29,APP,2025-10-12 10:45:00,0
959,1214,107.27,APP,2025-10-12 12:30:00,0
252,1061,370.11,Efectivo,2025-10-12 12:53:00,0
661,1282,402.3,SPEI,2025-10-12 12:53:00,0
368,1350,19.41,APP,2025-10-12 13:19:00,0
864,1395,100.22,APP,2025-10-12 15:03:00,0
621,1403,44.16,CODI,2025-10-12 15:17:00,0
176,1316,643.32,APP,2025-10-12 15:20:00,0
905,1141,247.62,APP,2025-10-12 16:15:00,0
786,1430,67.23,APP,2025-10-12 16:42:00,0
909,1040,211.86,APP,2025-10-12 18:32:00,0
775,1308,96.46,Efectivo,2025-10-12 19:17:00,0
197,1137,78.98,APP,2025-10-12 20:17:00,0
570,1273,106.61,APP,2025-10-12 20:42:00,0
980,1086,245.54,SPEI,2025-10-12 20:57:00,0
247,1082,28.53,APP,2025-10-12 23:06:00,0
488,1297,277.88,CODI,2025-10-12 23:09:00,1
863,1039,126.29,SPEI,2025-10-13 00:48:00,0
70,1122,74.46,Efectivo,2025-10-13 01:15:00,1
258,1035,157.56,Efectivo,2025-10-13 04:13:00,0
490,1320,91.38,CODI,2025-10-13 04:24:00,0
345,1268,85.74,SPEI,2025-10-13 05:08:00,0
969,1062,63.03,CODI,2025-10-13 06:06:00,0
319,1073,159.17,APP,2025-10-13 06:22:00,0
150,1479,265.93,CODI,2025-10-13 06:40:00,0
949,1192,186.96,CODI,2025-10-13 06:48:00,0
106,1110,533.2,CODI,2025-10-13 08:06:00,0
523,1066,387.11,Efectivo,2025-10-13 08:35:00,0
385,1417,98.62,Efectivo,2025-10-13 08:46:00,0
84,1224,120.83,SPEI,2025-10-13 12:16:00,0
528,1360,95.82,APP,2025-10-13 14:58:00,0
210,1049,75.1,APP,2025-10-13 16:19:00,0
300,1182,190.64,SPEI,2025-10-13 16:29:00,0
69,1069,87.75,Efectivo,2025-10-13 16:40:00,0
798,1043,49.05,CODI,2025-10-13 16:43:00,0
91,1269,260.84,SPEI,2025-10-13 17:50:00,0
154,1320,44.4,SPEI,2025-10-13 17:52:00,0
968,1353,72.32,CODI,2025-10-13 17:55:00,0
597,1465,85.24,Efectivo,2025-10-13 18:19:00,0
805,1363,316.4,SPEI,2025-10-13 19:08:00,0
159,1355,271.54,SPEI,2025-10-13 20:27:00,0
420,1142,110.23,SPEI,2025-10-13 20:38:00,0
990,1054,468.28,SPEI,2025-10-13 20:58:00,0
99,1003,133.31,Efectivo,2025-10-13 21:04:00,0
405,1084,480.85,CODI,2025-10-13 22:17:00,0
685,1001,163.17,CODI,2025-10-14 00:51:00,0
303,1018,156.3,CODI,2025-10-14 01:26:00,0
929,1478,489.8,SPEI,2025-10-14 01:30:00,0
130,1425,251.57,CODI,2025-10-14 01:48:00,0
979,1424,77.51,CODI,2025-10-14 01:58:00,0
605,1033,348.69,CODI,2025-10-14 02:35:00,0
698,1005,54.24,Efectivo,2025-10-14 04:28:00,0
95,1005,159.91,CODI,2025-10-14 06:22:00,0
578,1368,198.41,SPEI,2025-10-14 06:36:00,0
792,1201,118.75,CODI,2025-10-14 06:58:00,0
730,1487,505.16,CODI,2025-10-14 08:45:00,0
122,1273,149.01,Efectivo,2025-10-14 09:24:00,0
454,1018,293.46,CODI,2025-10-14 09:37:00,0
794,1077,452.33,CODI,2025-10-14 11:07:00,0
961,1305,712.85,SPEI,2025-10-14 11:10:00,0
111,1151,170.36,APP,2025-10-14 12:24:00,0
117,1464,513.11,SPEI,2025-10-14 13:10:00,0
875,1045,377.55,SPEI,2025-10-14 13:15:00,0
537,1185,153.8,SPEI,2025-10-14 14:46:00,0
59,1098,264.7,CODI,2025-10-14 16:44:00,0
643,1164,33.31,Efectivo,2025-10-14 16:53:00,0
192,1227,625.21,CODI,2025-10-14 17:59:00,0
923,1308,74.65,APP,2025-10-14 21:31:00,0
970,1493,109.6,CODI,2025-10-14 21:39:00,0
890,1276,216.14,SPEI,2025-10-14 21:44:00,0
468,1348,87.61,SPEI,2025-10-14 21:50:00,0
987,1304,421.6,SPEI,2025-10-14 22:29:00,0
186,1081,126.58,APP,2025-10-14 22:54:00,0
952,1322,275.15,Efectivo,2025-10-14 23:13:00,0
103,1386,207.41,SPEI,2025-10-15 00:06:00,0
900,1454,135.86,SPEI,2025-10-15 00:27:00,0
779,1032,101.68,CODI,2025-10-15 00:46:00,0
49,1412,597.8,APP,2025-10-15 01:21:00,0
359,1116,80.97,Efectivo,2025-10-15 02:36:00,0
404,1241,164.84,CODI,2025-10-15 02:53:00,0
88,1482,152.14,APP,2025-10-15 03:23:00,0
663,1087,123.58,SPEI,2025-10-15 03:42:00,0
517,1015,253.73,CODI,2025-10-15 03:43:00,0
566,1466,436.63,SPEI,2025-10-15 03:59:00,0
640,1294,168.02,CODI,2025-10-15 04:30:00,0
658,1280,109.54,APP,2025-10-15 04:56:00,0
623,1451,460.66,SPEI,2025-10-15 05:41:00,0
635,1225,154.5,Efectivo,2025-10-15 07:07:00,0
539,1478,292.42,SPEI,2025-10-15 08:22:00,0
653,1100,229.09,APP,2025-10-15 08:28:00,0
66,1298,195.55,SPEI,2025-10-15 08:51:00,0
418,1477,72.76,Efectivo,2025-10-15 10:19:00,0
609,1346,470.26,CODI,2025-10-15 13:19:00,0
871,1193,262.88,SPEI,2025-10-15 15:04:00,0
835,1074,60.47,APP,2025-10-15 16:50:00,0
533,1118,155.28,Efectivo,2025-10-15 17:19:00,0
814,1037,309.54,SPEI,2025-10-15 17:34:00,0
165,1140,74.1,SPEI,2025-10-15 20:19:00,0
541,1430,93.17,Efectivo,2025-10-15 20:44:00,0
739,1364,606.83,CODI,2025-10-15 21:13:00,0
868,1394,104.45,CODI,2025-10-15 23:03:00,0
34,1374,162.29,CODI,2025-10-16 00:38:00,0
211,1346,213.28,APP,2025-10-16 00:42:00,0
785,1141,185.73,SPEI,2025-10-16 00:58:00,0
436,1278,209.29,SPEI,2025-10-16 00:58:00,1
547,1237,216.01,SPEI,2025-10-16 01:05:00,0
729,1120,252.81,SPEI,2025-10-16 02:36:00,0
510,1137,249.32,APP,2025-10-16 03:10:00,0
931,1264,243.87,SPEI,2025-10-16 05:30:00,0
988,1434,602.46,SPEI,2025-10-16 06:17:00,0
741,1038,90.89,APP,2025-10-16 06:20:00,0
797,1338,467.76,SPEI,2025-10-16 06:25:00,0
161,1219,139.31,APP,2025-10-16 06:29:00,0
978,1304,326.65,CODI,2025-10-16 06:57:00,0
674,1157,864.03,APP,2025-10-16 07:03:00,0
214,1360,117.83,SPEI,2025-10-16 08:08:00,0
564,1035,207.74,APP,2025-10-16 08:38:00,0
87,1265,142.55,APP,2025-10-16 09:04:00,0
677,1293,92.66,APP,2025-10-16 09:13:00,0
546,1471,310.35,SPEI,2025-10-16 09:37:00,1
714,1101,236.58,APP,2025-10-16 10:39:00,0
238,1367,133.26,APP,2025-10-16 10:40:00,0
379,1305,169.57,APP,2025-10-16 12:21:00,0
90,1407,144.88,SPEI,2025-10-16 13:01:00,0
686,1446,374.71,SPEI,2025-10-16 13:36:00,0
321,1072,214.52,SPEI,2025-10-16 15:37:00,0
889,1396,276.22,CODI,2025-10-16 16:23:00,0
518,1314,169.84,SPEI,2025-10-16 16:30:00,0
97,1328,81.77,APP,2025-10-16 17:49:00,1
498,1241,262.1,Efectivo,2025-10-16 17:53:00,0
485,1469,102.52,Efectivo,2025-10-16 18:06:00,0
925,1147,243.78,APP,2025-10-16 18:31:00,0
850,1000,369.89,SPEI,2025-10-16 18:58:00,0
482,1475,408.19,APP,2025-10-16 19:46:00,0
515,1419,399.32,SPEI,2025-10-16 21:06:00,0
897,1403,318.35,CODI,2025-10-16 22:00:00,0
604,1111,152.05,APP,2025-10-16 22:19:00,0
793,1172,99.03,APP,2025-10-16 22:22:00,0
251,1403,207.71,APP,2025-10-16 23:08:00,0
529,1364,231.78,SPEI,2025-10-16 23:22:00,0
457,1043,134.01,CODI,2025-10-16 23:34:00,0
738,1037,69.46,CODI,2025-10-17 01:20:00,0
105,1119,119.58,CODI,2025-10-17 01:32:00,0
133,1064,314.76,SPEI,2025-10-17 03:14:00,0
496,1409,290.07,Efectivo,2025-10-17 03:22:00,0
298,1433,103.79,CODI,2025-10-17 03:27:00,0
917,1109,279.12,SPEI,2025-10-17 04:44:00,0
675,1344,126.1,SPEI,2025-10-17 04:45:00,0
274,1300,229.13,SPEI,2025-10-17 04:53:00,0
51,1012,106.54,APP,2025-10-17 04:56:00,0
992,1190,77.46,SPEI,2025-10-17 05:13:00,1
631,1095,200.07,CODI,2025-10-17 06:22:00,0
691,1006,464.85,Efectivo,2025-10-17 07:46:00,0
641,1441,159.2,CODI,2025-10-17 08:56:00,0
760,1125,1992.94,SPEI,2025-10-17 09:42:00,0
168,1127,577.66,CODI,2025-10-17 10:23:00,0
236,1319,126.29,SPEI,2025-10-17 10:26:00,0
98,1168,244.62,CODI,2025-10-17 10:43:00,0
865,1128,374.63,CODI,2025-10-17 11:04:00,0
802,1462,192.52,Efectivo,2025-10-17 11:17:00,0
715,1281,130.31,CODI,2025-10-17 11:25:00,0
852,1017,67.21,SPEI,2025-10-17 11:57:00,0
309,1407,822.72,APP,2025-10-17 12:09:00,0
895,1344,44.31,APP,2025-10-17 12:11:00,0
606,1472,52.27,CODI,2025-10-17 12:12:00,1
713,1258,228.78,APP,2025-10-17 12:34:00,1
275,1032,520.81,SPEI,2025-10-17 12:52:00,0
783,1032,69.97,CODI,2025-10-17 12:55:00,0
701,1263,136.94,CODI,2025-10-17 15:16:00,0
444,1236,193.87,SPEI,2025-10-17 15:32:00,0
3,1320,275.74,SPEI,2025-10-17 15:41:00,0
558,1030,168.38,Efectivo,2025-10-17 17:24:00,0
312,1086,244.06,SPEI,2025-10-17 17:51:00,0
270,1071,101.81,APP,2025-10-17 20:27:00,0
719,1469,104.57,Efectivo,2025-10-17 22:48:00,0
100,1305,180.51,APP,2025-10-17 23:06:00,0
834,1439,82.09,CODI,2025-10-17 23:14:00,0
945,1450,171.92,APP,2025-10-18 00:39:00,0
983,1404,64.53,CODI,2025-10-18 01:19:00,0
53,1303,205.14,APP,2025-10-18 02:36:00,0
104,1133,167.55,Efectivo,2025-10-18 03:13:00,0
75,1035,231.63,CODI,2025-10-18 03:18:00,0
611,1039,348.3,APP,2025-10-18 03:49:00,0
720,1472,520.76,SPEI,2025-10-18 03:53:00,0
893,1187,416.27,SPEI,2025-10-18 06:30:00,0
602,1253,23.39,Efectivo,2025-10-18 07:14:00,0
633,1349,161.73,CODI,2025-10-18 07:19:00,0
194,1095,97.02,CODI,2025-10-18 08:40:00,0
244,1091,256.17,Efectivo,2025-10-18 08:53:00,0
231,1035,162.56,Efectivo,2025-10-18 09:14:00,0
711,1332,134.18,CODI,2025-10-18 09:14:00,0
576,1031,130.99,SPEI,2025-10-18 10:20:00,0
882,1155,865.02,SPEI,2025-10-18 10:44:00,0
705,1016,205.97,APP,2025-10-18 10:48:00,0
487,1156,113.76,CODI,2025-10-18 10:57:00,0
62,1107,156.22,SPEI,2025-10-18 11:00:00,0
241,1073,1000.07,APP,2025-10-18 12:20:00,0
894,1276,620.74,SPEI,2025-10-18 13:35:00,0
755,1408,50.64,APP,2025-10-18 14:16:00,0
74,1186,54.24,SPEI,2025-10-18 14:26:00,0
283,1401,263.06,CODI,2025-10-18 14:28:00,0
27,1117,142.87,SPEI,2025-10-18 14:45:00,0
86,1008,224.31,Efectivo,2025-10-18 15:05:00,0
672,1298,205.01,SPEI,2025-10-18 15:19:00,0
256,1165,113.66,SPEI,2025-10-18 15:49:00,0
43,1394,169.85,APP,2025-10-18 15:56:00,0
223,1019,234.83,SPEI,2025-10-18 17:57:00,0
182,1135,195.6,APP,2025-10-18 18:04:00,0
878,1309,111.07,CODI,2025-10-18 20:47:00,0
65,1115,231.06,APP,2025-10-18 20:51:00,0
763,1361,376.74,SPEI,2025-10-18 20:52:00,1
861,1015,211.08,APP,2025-10-18 21:11:00,0
619,1281,318.38,SPEI,2025-10-18 21:18:00,0
772,1027,330.04,APP,2025-10-18 21:29:00,0
351,1370,207.28,SPEI,2025-10-18 23:32:00,1
287,1329,263.85,CODI,2025-10-18 23:34:00,0
78,1204,523.18,SPEI,2025-10-18 23:59:00,0
519,1068,203.35,SPEI,2025-10-19 00:23:00,0
857,1147,58.86,APP,2025-10-19 00:59:00,0
71,1082,184.12,Efectivo,2025-10-19 01:44:00,0
573,1218,192.43,SPEI,2025-10-19 02:05:00,0
307,1379,219.37,SPEI,2025-10-19 03:25:00,0
239,1033,291.12,CODI,2025-10-19 05:02:00,0
129,1088,151.12,SPEI,2025-10-19 05:34:00,0
704,1477,639.84,SPEI,2025-10-19 05:48:00,0
13,1074,109.19,Efectivo,2025-10-19 06:06:00,0
642,1386,251.52,CODI,2025-10-19 07:01:00,0
21,1150,262.67,SPEI,2025-10-19 07:43:00,0
140,1195,208.67,SPEI,2025-10-19 07:54:00,0
497,1089,135.25,APP,2025-10-19 08:01:00,0
610,1013,141.5,Efectivo,2025-10-19 08:13:00,0
136,1023,71.05,APP,2025-10-19 08:25:00,0
118,1102,207.26,APP,2025-10-19 09:59:00,0
362,1054,82.29,SPEI,2025-10-19 10:00:00,0
629,1187,316.01,Efectivo,2025-10-19 10:31:00,0
492,1354,184.0,APP,2025-10-19 11:39:00,0
717,1482,150.79,APP,2025-10-19 12:04:00,0
109,1124,601.42,APP,2025-10-19 14:29:00,0
178,1079,252.37,SPEI,2025-10-19 14:37:00,0
771,1269,526.2,CODI,2025-10-19 16:56:00,0
68,1220,78.0,Efectivo,2025-10-19 17:30:00,0
235,1202,158.43,SPEI,2025-10-19 18:28:00,0
173,1002,114.14,Efectivo,2025-10-19 18:35:00,0
916,1374,324.14,Efectivo,2025-10-19 18:43:00,0
827,1380,137.17,Efectivo,2025-10-19 18:48:00,0
855,1317,179.82,SPEI,2025-10-19 19:23:00,1
424,1161,228.29,Efectivo,2025-10-19 19:28:00,0
480,1381,278.12,SPEI,2025-10-19 19:33:00,0
308,1128,159.59,CODI,2025-10-19 20:09:00,0
126,1437,137.92,SPEI,2025-10-19 20:14:00,0
557,1461,295.14,CODI,2025-10-19 20:16:00,0
599,1046,147.88,CODI,2025-10-19 21:01:00,0
901,1086,248.44,SPEI,2025-10-19 21:50:00,0
400,1097,113.67,APP,2025-10-19 22:04:00,0
826,1132,132.54,SPEI,2025-10-19 22:35:00,0
483,1162,423.92,SPEI,2025-10-19 22:58:00,0
230,1498,178.82,SPEI,2025-10-19 23:22:00,0
143,1079,22.78,CODI,2025-10-19 23:31:00,0
513,1080,234.3,CODI,2025-10-20 00:04:00,0
147,1110,159.42,APP,2025-10-20 00:22:00,0
721,1261,75.39,SPEI,2025-10-20 02:55:00,0
745,1425,348.89,APP,2025-10-20 03:06:00,0
263,1232,99.66,SPEI,2025-10-20 03:48:00,0
372,1295,132.09,SPEI,2025-10-20 04:21:00,0
297,1063,25.06,APP,2025-10-20 06:20:00,0
486,1479,228.97,SPEI,2025-10-20 06:33:00,0
481,1172,1068.88,SPEI,2025-10-20 07:30:00,0
575,1242,202.69,CODI,2025-10-20 08:08:00,0
226,1151,145.18,APP,2025-10-20 08:11:00,0
80,1090,427.46,SPEI,2025-10-20 08:20:00,0
848,1279,531.57,SPEI,2025-10-20 08:42:00,0
869,1174,310.21,SPEI,2025-10-20 08:55:00,0
603,1289,157.4,APP,2025-10-20 10:10:00,0
342,1077,253.27,CODI,2025-10-20 11:02:00,0
425,1328,87.61,Efectivo,2025-10-20 11:29:00,0
22,1092,69.05,Efectivo,2025-10-20 11:34:00,1
556,1023,148.61,SPEI,2025-10-20 11:58:00,0
614,1183,114.1,CODI,2025-10-20 12:05:00,0
751,1248,1034.67,SPEI,2025-10-20 14:24:00,0
134,1232,202.93,Efectivo,2025-10-20 16:00:00,0
800,1439,225.38,APP,2025-10-20 17:28:00,0
788,1171,287.57,APP,2025-10-20 18:53:00,0
766,1329,94.21,CODI,2025-10-20 20:04:00,0
765,1394,264.31,SPEI,2025-10-20 20:38:00,0
317,1469,121.47,Efectivo,2025-10-20 21:02:00,0
630,1078,146.72,SPEI,2025-10-20 21:40:00,0
935,1285,181.18,SPEI,2025-10-20 21:55:00,0
116,1158,396.78,SPEI,2025-10-20 22:06:00,0
902,1466,764.71,SPEI,2025-10-20 22:48:00,0
702,1227,690.36,SPEI,2025-10-20 23:44:00,0
839,1349,277.23,CODI,2025-10-21 00:49:00,0
227,1297,101.05,CODI,2025-10-21 00:53:00,0
335,1379,85.84,APP,2025-10-21 01:04:00,0
679,1164,507.58,SPEI,2025-10-21 01:06:00,0
409,1065,114.29,SPEI,2025-10-21 02:58:00,0
378,1177,250.43,APP,2025-10-21 04:05:00,0
50,1324,455.22,SPEI,2025-10-21 04:49:00,0
160,1323,361.7,Efectivo,2025-10-21 05:15:00,0
530,1289,41.01,Efectivo,2025-10-21 05:39:00,0
873,1365,102.01,APP,2025-10-21 07:45:00,0
44,1124,196.28,SPEI,2025-10-21 08:45:00,0
419,1120,83.49,SPEI,2025-10-21 08:48:00,0
615,1093,77.02,SPEI,2025-10-21 10:05:00,1
550,1127,28.78,CODI,2025-10-21 10:29:00,1
81,1071,149.8,SPEI,2025-10-21 10:46:00,0
33,1194,110.83,APP,2025-10-21 10:53:00,0
784,1425,85.03,APP,2025-10-21 11:42:00,0
770,1255,291.78,CODI,2025-10-21 11:42:00,0
806,1281,157.38,CODI,2025-10-21 12:21:00,0
818,1164,90.02,Efectivo,2025-10-21 13:05:00,0
233,1135,79.99,Efectivo,2025-10-21 13:38:00,0
316,1040,165.65,APP,2025-10-21 14:37:00,0
443,1150,78.22,Efectivo,2025-10-21 15:03:00,0
872,1144,476.57,APP,2025-10-21 15:15:00,0
220,1028,144.88,Efectivo,2025-10-21 15:42:00,0
441,1306,106.44,CODI,2025-10-21 15:49:00,0
364,1047,172.72,APP,2025-10-21 16:35:00,0
859,1099,121.95,SPEI,2025-10-21 17:59:00,0
354,1464,58.85,Efectivo,2025-10-21 19:51:00,0
6,1394,85.98,SPEI,2025-10-21 19:52:00,0
542,1239,267.22,SPEI,2025-10-21 20:00:00,0
493,1284,72.94,SPEI,2025-10-21 20:17:00,0
618,1262,137.41,SPEI,2025-10-21 20:31:00,0
589,1398,72.88,CODI,2025-10-21 21:20:00,0
841,1131,122.82,SPEI,2025-10-21 21:42:00,0
472,1238,229.71,SPEI,2025-10-21 22:19:00,0
514,1095,53.17,APP,2025-10-21 22:20:00,1
858,1468,191.94,Efectivo,2025-10-21 23:19:00,0
285,1148,111.29,CODI,2025-10-21 23:29:00,0
919,1152,213.09,CODI,2025-10-22 00:49:00,0
56,1247,224.94,APP,2025-10-22 01:10:00,0
47,1243,301.43,SPEI,2025-10-22 02:00:00,0
58,1308,166.33,APP,2025-10-22 02:28:00,0
693,1181,429.37,SPEI,2025-10-22 02:43:00,0
500,1266,68.22,APP,2025-10-22 02:46:00,0
516,1319,75.31,Efectivo,2025-10-22 03:06:00,0
912,1281,116.5,SPEI,2025-10-22 03:58:00,0
624,1260,93.91,CODI,2025-10-22 04:02:00,1
164,1468,490.02,APP,2025-10-22 04:42:00,0
442,1439,259.97,SPEI,2025-10-22 05:23:00,0
743,1239,39.12,Efectivo,2025-10-22 05:30:00,0
943,1208,99.9,Efectivo,2025-10-22 06:04:00,0
646,1016,574.77,SPEI,2025-10-22 06:40:00,0
151,1353,508.34,SPEI,2025-10-22 07:36:00,0
989,1420,134.6,CODI,2025-10-22 07:58:00,0
927,1496,131.83,CODI,2025-10-22 08:02:00,0
933,1184,50.48,CODI,2025-10-22 08:48:00,0
112,1390,252.98,CODI,2025-10-22 09:15:00,0
655,1149,310.08,APP,2025-10-22 10:05:00,0
709,1241,197.55,CODI,2025-10-22 10:26:00,0
585,1163,96.8,APP,2025-10-22 12:34:00,0
201,1312,620.78,APP,2025-10-22 13:07:00,0
108,1056,299.79,SPEI,2025-10-22 14:00:00,0
731,1324,233.27,Efectivo,2025-10-22 14:09:00,0
370,1395,183.0,CODI,2025-10-22 15:35:00,0
502,1161,322.13,Efectivo,2025-10-22 16:31:00,0
446,1485,261.64,SPEI,2025-10-22 17:21:00,0
543,1066,146.97,CODI,2025-10-22 17:38:00,0
534,1243,38.7,APP,2025-10-22 20:29:00,0
581,1048,173.02,Efectivo,2025-10-22 23:36:00,0
261,1391,155.34,SPEI,2025-10-23 00:01:00,0
965,1259,76.54,Efectivo,2025-10-23 00:15:00,0
428,1281,170.04,CODI,2025-10-23 00:23:00,0
25,1448,652.14,SPEI,2025-10-23 00:37:00,0
278,1048,173.66,SPEI,2025-10-23 01:27:00,0
414,1082,119.99,SPEI,2025-10-23 01:54:00,0
616,1175,89.12,CODI,2025-10-23 03:19:00,0
973,1222,332.36,SPEI,2025-10-23 03:24:00,1
209,1269,130.65,SPEI,2025-10-23 03:25:00,0
296,1020,272.7,SPEI,2025-10-23 04:07:00,0
391,1144,193.58,APP,2025-10-23 04:26:00,0
193,1031,23.92,APP,2025-10-23 04:37:00,0
926,1294,167.74,APP,2025-10-23 05:01:00,0
142,1128,212.62,CODI,2025-10-23 05:38:00,0
246,1000,98.73,APP,2025-10-23 08:02:00,0
396,1403,55.95,Efectivo,2025-10-23 08:54:00,0
329,1122,243.96,APP,2025-10-23 09:50:00,0
330,1276,71.97,CODI,2025-10-23 10:23:00,0
357,1042,115.04,Efectivo,2025-10-23 10:27:00,0
394,1069,132.43,Efectivo,2025-10-23 10:46:00,0
469,1148,113.13,SPEI,2025-10-23 12:20:00,0
494,1352,236.05,SPEI,2025-10-23 12:29:00,0
460,1154,161.1,CODI,2025-10-23 13:30:00,0
255,1241,76.06,Efectivo,2025-10-23 14:02:00,0
495,1277,297.93,SPEI,2025-10-23 14:50:00,0
881,1241,423.13,Efectivo,2025-10-23 15:52:00,0
734,1370,207.6,Efectivo,2025-10-23 16:25:00,0
508,1016,103.43,CODI,2025-10-23 17:47:00,0
910,1419,797.35,SPEI,2025-10-23 18:04:00,0
833,1050,344.13,SPEI,2025-10-23 18:42:00,0
842,1164,181.88,CODI,2025-10-23 18:49:00,0
355,1424,162.93,APP,2025-10-23 19:12:00,0
403,1173,142.6,CODI,2025-10-23 19:17:00,0
48,1048,115.78,CODI,2025-10-23 20:57:00,0
57,1230,170.74,Efectivo,2025-10-23 22:20:00,0
208,1450,49.09,Efectivo,2025-10-23 22:25:00,0
665,1430,71.63,CODI,2025-10-23 22:47:00,0
19,1455,190.73,CODI,2025-10-23 22:55:00,0
374,1073,309.71,APP,2025-10-24 00:03:00,0
310,1245,50.98,SPEI,2025-10-24 00:09:00,0
144,1084,194.13,APP,2025-10-24 00:34:00,0
695,1362,149.09,SPEI,2025-10-24 01:50:00,0
204,1471,254.71,Efectivo,2025-10-24 01:57:00,0
725,1439,245.06,SPEI,2025-10-24 02:05:00,0
174,1225,308.34,SPEI,2025-10-24 02:12:00,1
72,1441,74.87,CODI,2025-10-24 02:41:00,0
478,1094,257.09,SPEI,2025-10-24 03:37:00,0
707,1069,127.02,SPEI,2025-10-24 03:39:00,0
172,1328,359.58,CODI,2025-10-24 03:49:00,0
971,1122,179.52,Efectivo,2025-10-24 04:01:00,0
941,1170,180.07,Efectivo,2025-10-24 04:16:00,0
724,1134,143.68,SPEI,2025-10-24 04:39:00,0
822,1003,188.99,APP,2025-10-24 05:32:00,0
548,1159,72.78,CODI,2025-10-24 05:44:00,0
465,1002,216.96,SPEI,2025-10-24 06:42:00,0
207,1116,71.38,SPEI,2025-10-24 07:15:00,0
511,1051,149.42,CODI,2025-10-24 07:37:00,0
787,1249,319.2,SPEI,2025-10-24 08:50:00,0
181,1405,180.53,CODI,2025-10-24 09:00:00,0
503,1477,452.16,CODI,2025-10-24 10:05:00,0
722,1219,185.34,APP,2025-10-24 10:20:00,0
113,1409,129.0,SPEI,2025-10-24 11:25:00,0
520,1210,144.05,SPEI,2025-10-24 12:11:00,1
696,1212,386.75,SPEI,2025-10-24 12:19:00,0
203,1366,100.62,Efectivo,2025-10-24 12:47:00,0
906,1221,289.46,CODI,2025-10-24 14:00:00,0
266,1491,161.57,SPEI,2025-10-24 14:33:00,0
339,1289,241.69,CODI,2025-10-24 15:01:00,0
654,1247,256.97,SPEI,2025-10-24 15:23:00,0
773,1236,205.77,CODI,2025-10-24 15:30:00,0
977,1458,196.67,SPEI,2025-10-24 16:05:00,0
588,1217,100.52,SPEI,2025-10-24 16:57:00,0
680,1323,222.55,SPEI,2025-10-24 18:07:00,0
341,1282,398.34,APP,2025-10-24 20:19:00,0
828,1093,464.87,APP,2025-10-24 20:34:00,0
974,1459,445.78,CODI,2025-10-24 22:05:00,0
491,1345,565.53,SPEI,2025-10-24 22:19:00,0
305,1312,245.73,CODI,2025-10-24 22:35:00,0
995,1495,142.91,APP,2025-10-24 22:59:00,0
31,1222,258.84,APP,2025-10-25 01:01:00,0
742,1345,105.03,APP,2025-10-25 02:15:00,0
259,1426,94.91,Efectivo,2025-10-25 02:19:00,0
697,1305,275.85,SPEI,2025-10-25 03:04:00,0
690,1427,426.98,SPEI,2025-10-25 03:21:00,0
427,1473,195.4,SPEI,2025-10-25 04:16:00,0
553,1042,217.15,CODI,2025-10-25 06:07:00,0
466,1039,558.66,SPEI,2025-10-25 08:45:00,0
301,1348,174.54,Efectivo,2025-10-25 09:26:00,0
735,1431,158.08,SPEI,2025-10-25 09:27:00,0
744,1323,90.67,CODI,2025-10-25 09:54:00,0
622,1146,511.59,CODI,2025-10-25 10:31:00,1
795,1176,318.07,APP,2025-10-25 10:53:00,0
430,1459,42.77,Efectivo,2025-10-25 11:20:00,0
600,1424,94.3,CODI,2025-10-25 11:20:00,0
884,1483,196.79,SPEI,2025-10-25 11:23:00,0
290,1355,131.89,SPEI,2025-10-25 12:14:00,0
338,1277,1808.46,SPEI,2025-10-25 12:25:00,0
322,1071,291.99,SPEI,2025-10-25 12:44:00,0
888,1223,83.08,APP,2025-10-25 14:44:00,0
924,1249,400.61,Efectivo,2025-10-25 15:01:00,0
179,1381,235.6,SPEI,2025-10-25 16:05:00,0
228,1086,489.96,SPEI,2025-10-25 16:50:00,0
801,1345,347.54,APP,2025-10-25 17:15:00,0
183,1498,70.01,Efectivo,2025-10-25 17:17:00,0
470,1035,109.22,CODI,2025-10-25 17:22:00,0
975,1445,49.86,APP,2025-10-25 17:27:00,0
417,1224,279.0,SPEI,2025-10-25 17:39:00,0
461,1136,199.96,Efectivo,2025-10-25 18:05:00,0
429,1356,611.04,Efectivo,2025-10-25 19:02:00,0
776,1116,167.86,CODI,2025-10-25 19:35:00,0
854,1495,175.98,SPEI,2025-10-25 20:16:00,0
509,1017,822.21,SPEI,2025-10-25 20:45:00,0
504,1052,245.4,CODI,2025-10-25 20:57:00,0
967,1301,752.26,SPEI,2025-10-25 22:13:00,0
981,1035,202.09,APP,2025-10-25 23:09:00,0
464,1021,596.91,CODI,2025-10-25 23:43:00,0
249,1150,253.17,APP,2025-10-26 00:35:00,0
904,1282,83.03,Efectivo,2025-10-26 01:03:00,0
46,1443,110.49,CODI,2025-10-26 01:58:00,0
456,1402,113.38,SPEI,2025-10-26 02:03:00,0
37,1087,191.78,Efectivo,2025-10-26 02:21:00,0
684,1220,150.04,CODI,2025-10-26 03:00:00,0
676,1165,83.75,APP,2025-10-26 03:12:00,0
423,1358,368.16,CODI,2025-10-26 03:21:00,0
124,1459,584.05,SPEI,2025-10-26 03:51:00,0
36,1487,283.86,SPEI,2025-10-26 04:36:00,0
157,1289,191.11,SPEI,2025-10-26 06:13:00,0
304,1253,81.69,APP,2025-10-26 06:31:00,0
293,1238,314.61,APP,2025-10-26 07:28:00,0
753,1024,1075.93,SPEI,2025-10-26 07:57:00,0
938,1358,269.44,SPEI,2025-10-26 08:06:00,0
601,1443,127.09,APP,2025-10-26 08:47:00,0
886,1219,403.09,SPEI,2025-10-26 08:51:00,0
253,1197,319.72,SPEI,2025-10-26 09:29:00,0
532,1245,726.94,APP,2025-10-26 09:56:00,1
373,1336,312.67,SPEI,2025-10-26 10:18:00,0
286,1493,360.04,SPEI,2025-10-26 11:43:00,0
845,1018,328.75,CODI,2025-10-26 11:45:00,0
276,1345,246.06,SPEI,2025-10-26 11:49:00,0
768,1066,280.01,CODI,2025-10-26 13:16:00,0
671,1431,349.49,SPEI,2025-10-26 13:28:00,0
908,1352,258.82,CODI,2025-10-26 13:31:00,0
591,1070,312.97,SPEI,2025-10-26 14:50:00,0
433,1066,87.7,SPEI,2025-10-26 14:53:00,0
451,1474,94.45,CODI,2025-10-26 16:04:00,0
257,1023,605.91,CODI,2025-10-26 16:32:00,0
994,1252,382.92,CODI,2025-10-26 20:22:00,0
809,1450,167.49,SPEI,2025-10-26 22:17:00,0
592,1400,145.97,CODI,2025-10-26 22:22:00,0
666,1159,709.52,APP,2025-10-26 23:36:00,0
250,1176,272.07,SPEI,2025-10-27 00:39:00,0
551,1435,179.03,SPEI,2025-10-27 01:34:00,0
119,1232,53.51,CODI,2025-10-27 01:43:00,0
501,1071,72.69,CODI,2025-10-27 01:45:00,0
340,1047,753.29,SPEI,2025-10-27 02:23:00,0
336,1194,166.93,SPEI,2025-10-27 03:07:00,0
28,1462,144.1,APP,2025-10-27 03:53:00,0
960,1404,319.11,SPEI,2025-10-27 04:37:00,0
139,1160,305.8,SPEI,2025-10-27 05:12:00,0
936,1408,133.69,Efectivo,2025-10-27 05:28:00,0
432,1149,457.18,CODI,2025-10-27 05:34:00,0
356,1208,200.13,CODI,2025-10-27 05:47:00,0
723,1071,742.25,SPEI,2025-10-27 07:02:00,0
562,1299,328.21,SPEI,2025-10-27 10:03:00,0
583,1395,77.01,SPEI,2025-10-27 10:04:00,0
232,1031,230.75,SPEI,2025-10-27 10:19:00,0
447,1255,106.56,SPEI,2025-10-27 10:30:00,0
932,1305,314.5,APP,2025-10-27 10:58:00,0
746,1034,700.24,Efectivo,2025-10-27 11:18:00,0
565,1058,121.16,APP,2025-10-27 11:20:00,0
224,1188,114.58,CODI,2025-10-27 11:28:00,0
352,1324,322.91,CODI,2025-10-27 11:32:00,0
311,1413,130.52,APP,2025-10-27 11:37:00,0
462,1282,115.01,Efectivo,2025-10-27 12:27:00,0
563,1160,321.49,SPEI,2025-10-27 13:14:00,0
268,1482,210.29,APP,2025-10-27 14:28:00,0
580,1050,231.2,APP,2025-10-27 15:04:00,0
477,1249,45.57,CODI,2025-10-27 15:08:00,0
700,1457,230.9,SPEI,2025-10-27 17:49:00,0
376,1373,145.27,CODI,2025-10-27 19:00:00,0
489,1086,314.14,SPEI,2025-10-27 19:29:00,0
190,1165,107.46,APP,2025-10-27 19:39:00,1
23,1288,197.58,Efectivo,2025-10-27 19:45:00,0
94,1434,218.82,SPEI,2025-10-27 20:16:00,0
777,1217,291.97,SPEI,2025-10-27 20:57:00,0
726,1069,78.57,CODI,2025-10-27 21:16:00,0
1,1002,84.83,APP,2025-10-27 22:26:00,0
940,1379,136.53,APP,2025-10-27 23:31:00,0
82,1365,750.77,SPEI,2025-10-28 01:14:00,0
962,1340,436.61,CODI,2025-10-28 02:06:00,0
789,1136,99.94,Efectivo,2025-10-28 02:59:00,0
284,1302,191.71,SPEI,2025-10-28 03:07:00,0
876,1396,323.15,SPEI,2025-10-28 03:31:00,0
412,1049,146.36,SPEI,2025-10-28 03:35:00,0
115,1269,78.94,APP,2025-10-28 04:09:00,0
77,1456,51.81,Efectivo,2025-10-28 04:59:00,0
561,1235,89.38,SPEI,2025-10-28 06:15:00,0
18,1308,43.21,CODI,2025-10-28 07:26:00,0
302,1002,377.65,APP,2025-10-28 09:10:00,0
202,1344,224.82,APP,2025-10-28 10:35:00,0
346,1380,750.4,SPEI,2025-10-28 10:45:00,0
957,1371,346.12,Efectivo,2025-10-28 12:31:00,0
946,1207,851.78,SPEI,2025-10-28 12:36:00,0
361,1105,153.97,Efectivo,2025-10-28 14:08:00,0
484,1070,124.78,SPEI,2025-10-28 15:11:00,0
10,1126,255.04,CODI,2025-10-28 15:27:00,0
849,1319,111.03,APP,2025-10-28 16:37:00,0
416,1066,227.2,APP,2025-10-28 16:40:00,0
913,1273,427.09,SPEI,2025-10-28 18:35:00,0
17,1358,308.96,SPEI,2025-10-28 19:35:00,0
96,1453,50.71,APP,2025-10-28 20:09:00,0
366,1175,293.64,CODI,2025-10-28 20:47:00,0
240,1355,150.47,SPEI,2025-10-28 23:08:00,1
137,1132,384.1,SPEI,2025-10-28 23:37:00,0
866,1225,591.63,APP,2025-10-29 00:00:00,0
67,1401,838.56,SPEI,2025-10-29 00:19:00,0
710,1461,56.38,Efectivo,2025-10-29 00:44:00,0
360,1031,213.27,APP,2025-10-29 01:58:00,0
670,1292,146.69,Efectivo,2025-10-29 03:37:00,0
421,1121,142.44,Efectivo,2025-10-29 04:01:00,0
767,1498,184.54,APP,2025-10-29 05:52:00,0
199,1126,153.91,Efectivo,2025-10-29 05:55:00,0
883,1396,215.1,CODI,2025-10-29 06:31:00,0
867,1235,273.98,CODI,2025-10-29 06:34:00,0
928,1001,301.06,SPEI,2025-10-29 07:33:00,1
667,1089,302.86,SPEI,2025-10-29 09:26:00,0
595,1100,63.8,Efectivo,2025-10-29 09:27:00,0
295,1170,239.37,CODI,2025-10-29 11:03:00,0
687,1263,171.62,CODI,2025-10-29 12:31:00,0
315,1495,302.66,APP,2025-10-29 15:04:00,0
383,1037,781.13,CODI,2025-10-29 15:05:00,0
55,1432,332.81,CODI,2025-10-29 15:14:00,0
221,1035,237.55,SPEI,2025-10-29 15:47:00,0
265,1388,213.47,SPEI,2025-10-29 16:21:00,0
587,1486,295.89,APP,2025-10-29 17:23:00,0
656,1178,121.14,CODI,2025-10-29 18:48:00,0
60,1075,229.85,CODI,2025-10-29 19:15:00,0
363,1490,97.19,SPEI,2025-10-29 19:54:00,0
607,1241,441.49,CODI,2025-10-29 20:13:00,0
874,1375,166.31,APP,2025-10-29 20:54:00,0
582,1042,64.29,CODI,2025-10-29 22:13:00,0
571,1392,231.24,APP,2025-10-29 23:30:00,0
384,1165,128.2,CODI,2025-10-29 23:31:00,0
911,1451,529.39,SPEI,2025-10-30 00:55:00,0
817,1495,310.3,APP,2025-10-30 01:40:00,0
838,1339,460.52,SPEI,2025-10-30 02:33:00,0
343,1284,97.95,CODI,2025-10-30 03:15:00,1
463,1097,171.99,Efectivo,2025-10-30 05:38:00,0
903,1147,1008.09,SPEI,2025-10-30 06:07:00,0
452,1244,125.5,APP,2025-10-30 06:23:00,0
153,1145,91.35,APP,2025-10-30 07:37:00,0
877,1035,114.48,CODI,2025-10-30 07:46:00,0
813,1373,131.92,SPEI,2025-10-30 07:46:00,0
467,1079,361.97,SPEI,2025-10-30 08:14:00,0
750,1261,75.16,Efectivo,2025-10-30 09:14:00,0
314,1028,321.57,APP,2025-10-30 09:18:00,0
388,1405,186.67,SPEI,2025-10-30 09:41:00,0
958,1248,153.39,SPEI,2025-10-30 10:09:00,0
127,1084,491.01,SPEI,2025-10-30 11:00:00,0
976,1377,449.75,CODI,2025-10-30 12:13:00,0
327,1303,314.13,APP,2025-10-30 12:21:00,0
89,1034,476.96,CODI,2025-10-30 12:33:00,0
125,1195,269.26,SPEI,2025-10-30 12:56:00,0
337,1128,166.43,Efectivo,2025-10-30 13:19:00,0
836,1168,173.57,Efectivo,2025-10-30 13:57:00,0
386,1137,186.94,CODI,2025-10-30 14:27:00,0
243,1148,365.84,Efectivo,2025-10-30 14:59:00,0
229,1233,329.9,SPEI,2025-10-30 15:00:00,0
42,1459,356.72,SPEI,2025-10-30 15:26:00,0
921,1395,185.04,CODI,2025-10-30 15:30:00,0
324,1144,103.42,SPEI,2025-10-30 16:50:00,0
185,1325,66.09,Efectivo,2025-10-30 17:56:00,0
450,1135,105.71,SPEI,2025-10-30 18:22:00,0
189,1401,127.41,APP,2025-10-30 18:44:00,0
590,1353,474.03,Efectivo,2025-10-30 18:59:00,0
435,1441,118.27,APP,2025-10-30 19:54:00,0
647,1262,122.56,APP,2025-10-30 19:58:00,0
219,1281,453.34,SPEI,2025-10-30 20:43:00,0
617,1166,196.51,CODI,2025-10-30 22:27:00,0
930,1427,109.73,CODI,2025-10-30 23:59:00,0
